{"cameraMode":{"drawMode":0,"name":"Shaded","section":"Shading Mode"},"sceneLighting":true,"audioPlay":false,"sceneViewState":{"showFog":true,"showMaterialUpdate":false,"showSkybox":true,"showFlares":true,"showImageEffects":true,"showParticleSystems":true},"in2DMode":false,"pivot":{"x":-1.117530345916748,"y":-1.1195522546768189,"z":-0.06713294982910156},"rotation":{"x":0.029982205480337144,"y":-0.029982000589370729,"z":0.0008996445103548467,"w":0.9991034865379334},"size":9.335110664367676,"orthographic":false}